Name,Phone number,Email,Address,Country,Postal code,Last date of connection,Last time of connection,Age,Gender,Customer spendings
Len Levine,719-0719,lenlevine@aol.org,Ap #376-668 Elit Ave,Mexico,85488-12490,"Apr 10, 2022",5:27 PM,47,Agender,372
Carl Spears,1-359-606-5254,carlspears@icloud.net,"P.O. Box 392, 5994 Suspendisse Avenue",Singapore,574777,"May 14, 2022",2:47 AM,52,Bigender,203
Yoshio Stout,594-7730,yoshiostout@yahoo.com,Ap #338-5308 Egestas St.,Turkey,47602,"May 24, 2022",12:24 AM,32,Trans woman,185
Dominic Sharp,763-3031,dominicsharp@aol.com,Ap #371-7907 Pede. Street,China,237061,"Mar 9, 2022",7:45 AM,71,Bigender,315
Kalia Stewart,1-838-965-4342,kaliastewart@outlook.net,479-6409 Sit Av.,Indonesia,44184,"Mar 11, 2022",7:13 PM,39,Transgender,141
Cyrus Shields,1-633-413-4191,cyrusshields711@protonmail.com,525-7870 Consectetuer Rd.,Pakistan,525157,"Feb 19, 2022",5:35 PM,61,Nonbinary,410
Omar Gilliam,1-640-547-4889,omargilliam@outlook.com,9949 Lectus Street,Austria,4641,"Mar 12, 2022",4:26 PM,74,Trans man,246
Quon Tanner,1-326-203-1322,quontanner@yahoo.co,Ap #292-4087 Duis Road,Belgium,2132,"Jan 3, 2022",10:01 PM,84,Transgender,163
Paloma Martinez,438-1213,palomamartinez@protonmail.org,5998 Urna Road,France,63186,"May 24, 2022",5:07 AM,80,Trans man,141
Cody Lester,941-3347,codylester4004@aol.org,Ap #764-4222 Suspendisse Av.,Russian Federation,415224,"May 2, 2022",1:13 AM,79,Trans woman,117
Magee English,639-3314,mageeenglish@hotmail.co,517-4622 Turpis. Rd.,United Kingdom,CM7G 3CX,"Jan 24, 2022",12:24 PM,46,Transgender,583
Mollie Guthrie,1-473-799-6536,mollieguthrie@outlook.com,920-6219 Rutrum St.,Chile,872819,"Mar 1, 2022",5:44 PM,85,Trans woman,340
Kelsie Davenport,1-368-105-8530,kelsiedavenport@protonmail.net,"P.O. Box 970, 1946 Tellus Av.",Brazil,31840368,"May 13, 2022",5:21 PM,42,Agender,424
Cecilia Kane,506-5802,ceciliakane@google.org,961-9962 Parturient Av.,Australia,5693,"Jan 11, 2022",12:05 PM,33,Trans woman,163
Zia Good,1-457-510-7780,ziagood3209@hotmail.net,Ap #471-2132 Cursus Av.,Norway,4582,"Mar 30, 2022",11:34 AM,68,Genderfluid,28
Samantha Bowen,232-5553,samanthabowen7225@aol.org,863-3220 Vestibulum St.,China,263623,"Mar 18, 2022",3:02 PM,22,Bigender,307
Kenyon Mejia,1-237-801-5818,kenyonmejia7130@hotmail.com,"P.O. Box 325, 6011 Dis Avenue",Pakistan,277038,"Jan 21, 2022",7:38 PM,36,Trans woman,197
Hayes Guerrero,261-8431,hayesguerrero8946@protonmail.co,Ap #545-2818 Malesuada Av.,Netherlands,3927 XL,"Mar 10, 2022",10:17 AM,84,Agender,262
Reece Murray,534-7083,reecemurray@google.org,925-9990 Ultricies Av.,Philippines,6432,"Apr 14, 2022",5:32 PM,84,Trans man,599
Shannon House,655-1263,shannonhouse568@yahoo.com,Ap #317-8416 At Avenue,Colombia,597493,"Mar 7, 2022",1:34 AM,53,Transgender,103
Sonia Berry,1-350-994-7488,soniaberry@outlook.net,6378 Et Street,Canada,J2E 4Y7,"May 4, 2022",2:46 PM,38,Agender,320
Cody Lester,941-3347,codylester4004@aol.org,Ap #764-4222 Suspendisse Av.,Russian Federation,415224,"May 2, 2022",1:13 AM,79,Trans woman,117
Cyrus Foster,1-476-588-0456,cyrusfoster@outlook.co,"Ap #826-3325 Elit, St.",Colombia,766923,"Apr 26, 2022",6:04 PM,60,Two Spirit ,496
Abra Rutledge,772-4710,abrarutledge2015@aol.co,2290 Ullamcorper Street,Italy,24856,"Feb 9, 2022",4:13 AM,45,Trans man,287
Violet Velez,238-8416,violetvelez@hotmail.net,Ap #933-8729 Porttitor St.,Peru,24947,"Apr 7, 2022",11:40 PM,35,Agender,431
Basia Hayes,1-383-723-6756,basiahayes2866@aol.co,373-158 Class Rd.,South Korea,02194,"Jan 18, 2022",12:17 PM,64,Transgender,458
Wylie Pena,1-974-654-3821,wyliepena8957@google.com,Ap #611-8908 Amet Avenue,Ireland,4384,"Mar 24, 2022",9:27 AM,49,Trans woman,116
Acton Barrera,1-865-178-8238,actonbarrera4162@protonmail.co,Ap #167-720 Adipiscing St.,Vietnam,831715,"Mar 10, 2022",5:24 AM,55,Two Spirit ,94
Gwendolyn Padilla,1-978-358-4742,gwendolynpadilla@icloud.org,5716 Amet Road,Canada,B7H 1M4,"Feb 8, 2022",3:00 PM,56,Nonbinary,27
Michelle Wallace,1-214-835-5222,michellewallace1674@google.net,Ap #842-1080 Nam Rd.,Italy,91049,"Feb 23, 2022",1:58 AM,75,Genderfluid,336
Ifeoma Raymond,1-692-349-4202,ifeomaraymond3137@yahoo.org,501-4056 Arcu Road,Austria,5474,"Feb 10, 2022",5:43 PM,74,Trans man,159
Nathan Leach,1-258-541-5034,nathanleach1720@yahoo.org,223-6095 Nam St.,Brazil,83582-243,"Jan 6, 2022",3:37 PM,31,Bigender,101
Ulric Espinoza,867-5585,ulricespinoza@icloud.org,Ap #982-1755 Ac Ave,India,180367,"Apr 21, 2022",8:32 PM,77,Transgender,213
Paul Wilcox,295-7748,paulwilcox6086@google.org,"Ap #714-7850 Laoreet, Road",Russian Federation,634898,"Mar 19, 2022",11:35 AM,69,Bigender,137
Acton Barrera,1-865-178-8238,actonbarrera4162@protonmail.co,Ap #167-720 Adipiscing St.,Vietnam,831715,"Mar 10, 2022",5:24 AM,55,Two Spirit ,94
Jarrod Gilliam,1-344-287-1273,jarrodgilliam@icloud.co,8014 Molestie Rd.,United States,44717,"Apr 17, 2022",4:13 PM,34,Gender expansive,109
Jared Holland,1-226-145-5048,jaredholland6348@icloud.net,Ap #369-8604 Ultrices Avenue,Russian Federation,631803,"Apr 15, 2022",1:46 PM,34,Nonbinary,105
Alfonso Wilkerson,313-2150,alfonsowilkerson@outlook.org,370-3295 Phasellus Avenue,Norway,8819,"Feb 1, 2022",9:47 AM,19,Agender,529
Cedric Olsen,1-434-516-8018,cedricolsen@hotmail.co,730-7874 Vitae Ave,Canada,38Z 5P5,"Mar 13, 2022",8:34 PM,59,Nonbinary,307
Marny Preston,562-1335,marnypreston@yahoo.org,3814 Lobortis. St.,United Kingdom,L6 6YA,"May 8, 2022",3:34 PM,48,Bigender,402
Kellie Banks,1-614-242-9858,kelliebanks9073@hotmail.net,Ap #831-2007 Purus. Ave,Spain,69372,"Feb 27, 2022",9:21 PM,63,Agender,403
Kellie Banks,1-614-242-9858,kelliebanks9073@hotmail.net,Ap #831-2007 Purus. Ave,Spain,69372,"Feb 27, 2022",9:21 PM,63,Agender,403
Lacy Holden,1-415-523-5342,lacyholden@yahoo.co,995-2263 Vel Ave,Pakistan,672613,"Feb 19, 2022",7:27 AM,28,Two Spirit ,294
Cedric Guy,837-4833,cedricguy143@icloud.com,Ap #453-2814 Ante. Avenue,Nigeria,576723,"Apr 11, 2022",8:27 AM,66,Nonbinary,80
Vanna Pierce,1-818-512-3259,vannapierce@aol.co,291-2283 Venenatis Rd.,Nigeria,245484,"Feb 24, 2022",1:47 AM,75,Gender expansive,41
Shannon Robinson,627-4202,shannonrobinson8160@google.co,Ap #949-1662 Orci. Rd.,France,94825,"Jan 16, 2022",4:36 AM,39,Genderfluid,386
Grant Winters,1-904-536-8862,grantwinters4237@icloud.org,Ap #948-9752 Hendrerit Avenue,Spain,89184,"Apr 27, 2022",8:18 PM,78,Bigender,576
Colin Mathis,1-372-772-2909,colinmathis@aol.org,654-606 Tristique Ave,United States,45612,"Feb 11, 2022",9:33 PM,28,Trans woman,386
Idola Hyde,762-6528,idolahyde7628@protonmail.org,Ap #421-7689 Egestas. St.,Costa Rica,10401,"Feb 6, 2022",1:01 AM,63,Bigender,582
Ignatius Murray,1-198-464-1224,ignatiusmurray@google.co,Ap #176-8394 Amet St.,Poland,47-021,"Jan 18, 2022",2:21 AM,67,Transgender,273
Sheila Christensen,817-4695,sheilachristensen4318@protonmail.com,362-7966 Aliquam Av.,Ukraine,34-73,"May 24, 2022",7:04 PM,22,Trans woman,501
Ocean Beasley,135-6864,oceanbeasley9757@protonmail.co,Ap #574-7717 Massa. Av.,Indonesia,82573,"Jan 26, 2022",3:17 AM,34,Two Spirit ,52
Marshall Daniels,508-8928,marshalldaniels8277@hotmail.org,301-727 Parturient Rd.,Vietnam,683686,"Mar 26, 2022",3:14 PM,51,Gender expansive,387
Wing O'brien,628-6382,wingobrien@protonmail.org,"Ap #116-5919 Nec, Street",Vietnam,223980,"Apr 5, 2022",7:37 PM,68,Transgender,181
Veda Lang,445-0335,vedalang@protonmail.net,"P.O. Box 640, 6880 Nunc St.",Spain,44244,"Feb 3, 2022",3:26 PM,33,Genderfluid,155
Kimberley Pickett,1-582-131-4319,kimberleypickett@yahoo.org,"P.O. Box 722, 6314 Non Avenue",South Africa,5664-0857,"Mar 20, 2022",10:30 PM,24,Two Spirit ,521
Regan Crane,236-8420,regancrane1056@google.co,"P.O. Box 796, 4316 Urna Road",Austria,7518,"May 21, 2022",8:13 PM,29,Genderfluid,227
Igor Hopkins,357-4923,igorhopkins6365@icloud.org,4457 Mollis Avenue,Vietnam,838864,"Jan 3, 2022",4:14 AM,42,Gender expansive,276
Scott Love,782-9074,scottlove4809@aol.net,Ap #423-621 Ut St.,Turkey,61644,"Mar 22, 2022",7:25 PM,23,Nonbinary,538
Rahim Mayer,354-4619,rahimmayer@google.net,Ap #991-942 Ornare St.,Mexico,98348-85132,"Jan 20, 2022",8:26 AM,39,Trans man,40
Octavia Swanson,1-421-831-3235,octaviaswanson1832@hotmail.net,444-5844 Fringilla. Av.,Germany,24178,"Mar 18, 2022",8:19 PM,45,Transgender,525
Colette Bauer,1-862-964-9211,colettebauer@aol.org,Ap #753-6599 Cursus Ave,Singapore,678442,"Jan 10, 2022",12:45 AM,37,Cisgender ,236
Cherokee Jensen,1-102-177-7142,cherokeejensen@aol.co,589-8741 Auctor Road,Norway,2441,"Mar 10, 2022",2:37 PM,59,Genderfluid,314
Hoyt Aguirre,526-7260,hoytaguirre@aol.org,"P.O. Box 891, 1569 Dolor. St.",China,781178,"Apr 13, 2022",5:12 AM,74,Nonbinary,550
Dorian Witt,741-9225,dorianwitt@protonmail.net,403-7053 Dolor. Street,Mexico,24629-25498,"Feb 13, 2022",5:17 PM,73,Transgender,196
Uriah Gilliam,1-128-281-6442,uriahgilliam@outlook.net,915-984 Adipiscing Rd.,Spain,58520,"Mar 18, 2022",8:56 AM,84,Genderfluid,147
Adara Graham,181-4888,adaragraham203@hotmail.org,Ap #722-1272 Nunc Road,Brazil,88512-891,"Apr 20, 2022",7:22 AM,62,Nonbinary,342
Molly Peck,988-6976,mollypeck1426@aol.co,234 Mauris Street,Chile,822056,"Jan 12, 2022",4:07 AM,31,Gender expansive,465
Ursula Gaines,441-6680,ursulagaines@hotmail.com,Ap #365-2154 Eros St.,Colombia,794786,"Apr 27, 2022",8:40 PM,55,Trans woman,253
Micah Erickson,1-691-254-2733,micaherickson@yahoo.org,493-524 Mi Av.,Canada,R7R 6G6,"Jan 31, 2022",9:16 PM,41,Genderfluid,437
Nicholas King,1-610-827-0224,nicholasking@outlook.net,"Ap #304-9744 Eu, Road",Peru,42653,"Apr 16, 2022",9:23 PM,32,Cisgender ,360
Fletcher Patton,1-172-546-5678,fletcherpatton1904@hotmail.net,Ap #130-7648 Magna St.,Sweden,23937,"Apr 20, 2022",8:19 AM,32,Cisgender ,397
Rajah Durham,245-5176,rajahdurham5313@yahoo.co,336-8034 Gravida Ave,Colombia,655687,"Mar 17, 2022",7:16 AM,79,Bigender,442
Shad Patrick,1-433-202-1568,shadpatrick@yahoo.org,Ap #772-7016 Eu Ave,Singapore,796836,"May 4, 2022",8:17 PM,69,Bigender,369
Olympia Mcpherson,1-638-527-2796,olympiamcpherson@yahoo.co,231-2143 Ipsum Street,New Zealand,7385,"Mar 6, 2022",2:44 AM,83,Bigender,506
Harlan Villarreal,1-763-842-4284,harlanvillarreal6839@icloud.org,"Ap #588-5223 Nec, Rd.",United Kingdom,TS7V 5RU,"May 19, 2022",9:36 AM,54,Gender expansive,451
Conan Walsh,1-892-134-5686,conanwalsh@aol.co,"Ap #427-9826 Ultrices, Avenue",United States,41328,"Mar 11, 2022",1:44 PM,38,Cisgender ,53
Cassidy Hebert,155-4038,cassidyhebert7400@google.com,276-6622 Id Rd.,India,860147,"Feb 5, 2022",9:14 PM,77,Trans man,12
Hu Reed,675-8428,hureed@icloud.org,Ap #274-4273 Rutrum St.,Netherlands,9404 CH,"Feb 25, 2022",11:06 PM,44,Trans man,571
Elijah Carter,1-722-467-7737,elijahcarter5119@aol.com,Ap #924-7773 Neque Road,Norway,7041,"Feb 13, 2022",7:04 PM,39,Cisgender ,500
Judith Morse,1-201-674-8987,judithmorse221@google.com,9585 Dolor Rd.,New Zealand,6674,"Feb 21, 2022",1:20 PM,34,Bigender,148
Maggy Brennan,927-0875,maggybrennan@hotmail.org,Ap #856-1101 Neque. Rd.,Poland,44-872,"Mar 1, 2022",9:20 PM,38,Transgender,134
Florence Chase,322-5223,florencechase@hotmail.org,623-5006 Lacus. Rd.,Indonesia,96472,"Jan 6, 2022",4:37 AM,56,Genderfluid,372
Paul Gilbert,1-835-975-4879,paulgilbert@outlook.co,Ap #584-6719 Diam. Avenue,Indonesia,64515,"Jan 13, 2022",10:09 PM,28,Nonbinary,87
Nerea Harris,1-343-437-4636,nereaharris@outlook.org,9769 Donec Avenue,United Kingdom,TG1Y 1QR,"Apr 19, 2022",6:56 PM,60,Two Spirit ,582
Damon Walters,417-1766,damonwalters@outlook.co,502-9649 Sem Ave,Ukraine,51-88,"Jan 29, 2022",1:02 PM,71,Cisgender ,118
Carlos Mcneil,1-202-435-1272,carlosmcneil@protonmail.com,Ap #380-7806 Enim Rd.,Germany,12127,"Mar 31, 2022",3:28 AM,74,Two Spirit ,87
Sharon Emerson,1-855-467-6535,sharonemerson@outlook.co,4210 Consequat St.,Philippines,5328,"Jan 19, 2022",5:33 AM,54,Agender,289
Benjamin Small,234-3227,benjaminsmall1948@protonmail.org,135-333 Viverra. Road,Italy,28462,"Apr 12, 2022",1:02 AM,72,Bigender,566
Elliott Gilbert,395-0835,elliottgilbert@outlook.com,Ap #187-4962 Dui Av.,Germany,44641,"Feb 1, 2022",3:46 PM,27,Two Spirit ,138
Janna Harmon,1-644-818-5223,jannaharmon9618@hotmail.net,407-9349 Justo. St.,Nigeria,670374,"Mar 11, 2022",5:43 AM,78,Trans man,485
Gray Mccarthy,1-624-454-3421,graymccarthy@icloud.org,299-6597 Mattis Rd.,Ukraine,68-38,"May 6, 2022",4:52 PM,31,Bigender,216
Quinlan Vaughan,1-356-824-3255,quinlanvaughan@google.net,295-6004 Congue Street,Australia,6089,"Feb 15, 2022",6:05 AM,65,Agender,398
Illana Pacheco,1-414-858-3683,illanapacheco8353@protonmail.net,Ap #662-8716 Fringilla Road,France,62061,"Mar 17, 2022",9:20 AM,73,Trans man,46
Camden Ortega,1-290-830-9655,camdenortega@aol.co,436-9849 Vel Rd.,United Kingdom,UA5 3YI,"Jan 17, 2022",6:56 PM,50,Transgender,45
Ulric Pugh,1-702-896-1727,ulricpugh8650@protonmail.com,Ap #134-9485 Dolor Rd.,Colombia,625915,"Apr 21, 2022",6:01 AM,79,Genderfluid,489
Cody Gould,766-3650,codygould1126@outlook.com,"P.O. Box 762, 4448 Erat, Rd.",Russian Federation,665316,"Jan 12, 2022",3:46 AM,72,Transgender,239
Shaeleigh Christensen,1-712-732-2337,shaeleighchristensen8760@icloud.org,"P.O. Box 896, 8798 Iaculis Av.",Ireland,8643,"Feb 26, 2022",10:24 PM,47,Genderfluid,280
Jessica Patrick,898-0932,jessicapatrick4012@hotmail.co,224-2840 Erat. Avenue,Mexico,22353-23376,"Feb 8, 2022",10:01 PM,47,Trans woman,330
Claire Russell,1-429-780-8438,clairerussell8017@aol.org,430-4431 Aliquam Rd.,Ukraine,47-22,"Feb 3, 2022",6:46 PM,51,Genderfluid,534
Kareem Chen,398-5441,kareemchen@hotmail.org,"P.O. Box 679, 9287 Montes, Avenue",Turkey,53072,"Feb 16, 2022",9:03 AM,42,Trans man,67
Fredericka Clayton,585-4562,frederickaclayton5280@icloud.co,872-342 Accumsan Av.,Australia,6826,"Jan 11, 2022",9:11 PM,57,Gender expansive,428
Ryder Tucker,197-1153,rydertucker3272@yahoo.net,170-9139 Sodales St.,South Korea,12229,"Feb 9, 2022",11:19 AM,50,Genderfluid,192
Michelle Davenport,465-5710,michelledavenport@google.co,690-8245 Vehicula St.,Norway,6473,"May 12, 2022",12:31 AM,84,Two Spirit ,128
Howard Mercer,725-8226,howardmercer@protonmail.com,"P.O. Box 441, 9669 Lectus Street",India,574428,"Apr 6, 2022",11:52 PM,52,Transgender,533
Fuller Howard,1-223-634-5717,fullerhoward@aol.com,Ap #634-2221 Vel Street,Peru,21862,"May 3, 2022",6:09 PM,28,Cisgender ,168
Grant Beard,776-2526,grantbeard@hotmail.co,984-2961 Mauris Rd.,South Africa,4456-4625,"Mar 4, 2022",9:56 PM,34,Gender expansive,493
Gillian Young,727-3106,gillianyoung7130@google.com,Ap #889-3957 Est St.,United Kingdom,DT5 5PL,"Feb 27, 2022",8:51 AM,31,Gender expansive,198
Jared Gross,281-5675,jaredgross502@google.co,"P.O. Box 608, 1040 Risus. Avenue",Nigeria,840659,"May 18, 2022",12:55 AM,64,Cisgender ,183
Whoopi Eaton,1-511-806-5711,whoopieaton5713@hotmail.com,Ap #909-3457 Ultrices Street,Turkey,52734,"Apr 6, 2022",9:57 AM,71,Two Spirit ,233
Emma Randolph,592-3612,emmarandolph6650@aol.net,Ap #876-8482 Non Rd.,Ireland,9348,"Mar 27, 2022",1:29 PM,79,Trans woman,131
Jerry Oneal,133-1718,jerryoneal@protonmail.org,7624 Aliquet St.,Ireland,9414,"Apr 22, 2022",6:26 PM,67,Bigender,513
Brielle Flynn,803-4745,brielleflynn6200@google.net,Ap #491-2032 Dictum Av.,Canada,U7N 4G7,"Jan 29, 2022",12:01 PM,44,Agender,529
Leroy Dennis,1-928-913-7744,leroydennis@protonmail.org,9361 Mauris Rd.,Indonesia,99957,"Apr 4, 2022",5:12 AM,32,Gender expansive,138
Sara Hampton,1-854-476-4241,sarahampton@yahoo.net,Ap #263-1097 Quisque Rd.,Ukraine,55-13,"Jan 31, 2022",9:41 PM,24,Agender,135
Kennedy Herman,1-776-728-2790,kennedyherman8633@hotmail.net,3658 Aliquet Road,South Korea,00653,"Mar 8, 2022",9:43 AM,72,Nonbinary,265
Talon Jarvis,1-856-788-5659,talonjarvis9692@icloud.co,"734-9750 Amet, St.",India,744048,"Apr 20, 2022",7:50 AM,31,Bigender,64
Serena Petersen,228-1229,serenapetersen285@hotmail.org,153-5666 Velit Rd.,Nigeria,402227,"Feb 23, 2022",6:59 PM,55,Transgender,124
Curran Bernard,1-990-924-7875,curranbernard@protonmail.net,Ap #930-5776 Duis Avenue,Ukraine,89-64,"May 3, 2022",5:46 AM,41,Nonbinary,135
Leroy Mercer,1-777-971-7584,leroymercer7424@hotmail.com,943 Dis Ave,New Zealand,9731,"Jan 31, 2022",12:18 AM,19,Two Spirit ,331
Kylan Howe,1-667-978-1441,kylanhowe1821@aol.co,Ap #394-8394 Faucibus. St.,Turkey,67124,"Apr 12, 2022",7:56 AM,77,Two Spirit ,92
Sebastian Page,1-565-221-8038,sebastianpage5949@outlook.org,2269 Semper Rd.,Vietnam,418441,"Jan 4, 2022",12:47 PM,35,Two Spirit ,591
Emerald Pitts,343-4718,emeraldpitts@outlook.net,"7079 Ultrices, Rd.",Belgium,6646,"Jan 22, 2022",6:49 PM,40,Transgender,465
Gail Kramer,1-753-777-3066,gailkramer5923@hotmail.co,"P.O. Box 831, 8896 Lorem, Road",Brazil,67017-246,"Feb 17, 2022",6:02 AM,25,Agender,505
Jameson Massey,532-3728,jamesonmassey@yahoo.net,2810 Orci. Av.,United Kingdom,FS1R 9OF,"Jan 10, 2022",10:01 AM,63,Cisgender ,30
Janna Perkins,464-5448,jannaperkins@protonmail.net,1725 Ac St.,Italy,56348,"Apr 16, 2022",6:21 PM,84,Transgender,32
Dolan Foley,360-5006,dolanfoley@google.co,285-7147 Sem Rd.,Nigeria,854431,"Apr 14, 2022",4:33 PM,38,Bigender,173
Orlando Diaz,1-277-732-5661,orlandodiaz@yahoo.com,"301-8932 Id, Av.",Brazil,27984-018,"Feb 26, 2022",1:38 AM,49,Gender expansive,432
Faith Cash,535-3874,faithcash@hotmail.org,176-2043 Conubia Av.,Spain,39822,"Feb 15, 2022",11:22 PM,84,Trans man,445
Darrel Pena,656-0568,darrelpena@hotmail.com,"178-3697 Dui, Road",South Africa,6315-8512,"Mar 17, 2022",12:58 PM,22,Two Spirit ,65
Neve Mcconnell,239-1172,nevemcconnell957@yahoo.com,2131 Magna Road,Turkey,33842,"Feb 2, 2022",12:20 AM,69,Transgender,507
Farrah Cantu,1-321-865-8690,farrahcantu@google.co,Ap #662-8913 Quisque Av.,France,86710,"Apr 22, 2022",6:19 AM,38,Transgender,166
Tamekah Morse,1-766-872-1303,tamekahmorse6897@hotmail.net,"P.O. Box 198, 899 Feugiat Rd.",Austria,9706,"Apr 21, 2022",3:12 AM,28,Genderfluid,223
Tashya Mclean,586-6639,tashyamclean@yahoo.org,Ap #459-8759 Mollis Av.,Philippines,8474,"Mar 18, 2022",4:25 PM,33,Bigender,177
Jameson Watkins,665-3167,jamesonwatkins4541@outlook.org,Ap #156-701 Duis Avenue,Ireland,5181,"Jan 14, 2022",11:18 AM,66,Nonbinary,121
Yetta Cooley,742-6124,yettacooley@google.com,"Ap #295-4460 Eu, St.",Netherlands,7421 YG,"Mar 31, 2022",9:02 AM,23,Nonbinary,75
Rachel Griffith,1-489-594-9321,rachelgriffith@google.co,Ap #277-5520 Fusce St.,Chile,191506,"May 21, 2022",7:36 PM,77,Gender expansive,587
Cameron Spears,1-733-257-6443,cameronspears9886@icloud.org,183 Laoreet Avenue,Colombia,664364,"Jan 24, 2022",3:07 AM,45,Genderfluid,442
Robin Clarke,1-468-384-1548,robinclarke1366@aol.org,"P.O. Box 971, 1319 Eu Av.",Peru,13159,"Apr 6, 2022",12:34 AM,83,Transgender,344
Garrett Bradley,1-572-563-2071,garrettbradley551@protonmail.net,"P.O. Box 308, 4091 Egestas Av.",South Africa,7461-6111,"Feb 5, 2022",12:13 AM,85,Bigender,50
Stacy Noel,823-3258,stacynoel8877@icloud.com,8320 Dolor. Av.,Sweden,55075,"Mar 30, 2022",8:44 AM,19,Trans woman,595
Urielle Sosa,1-408-711-8272,uriellesosa3611@google.com,6950 Maecenas Street,New Zealand,4505,"Jan 18, 2022",12:51 PM,36,Gender expansive,5
Riley Wallace,1-621-697-9632,rileywallace7291@outlook.co,Ap #309-5582 Proin St.,Singapore,525834,"Jan 9, 2022",3:25 PM,31,Agender,173
Melissa Dominguez,207-1106,melissadominguez2924@yahoo.org,919-1826 Faucibus Rd.,Austria,5796,"Apr 19, 2022",2:10 PM,69,Bigender,463
Gemma Valencia,537-2300,gemmavalencia4905@hotmail.co,"P.O. Box 932, 8036 Et Rd.",Indonesia,63387,"Mar 10, 2022",5:45 PM,62,Transgender,411
Tyler Hammond,921-1542,tylerhammond@icloud.org,Ap #480-6361 Eget Avenue,Nigeria,636529,"Feb 22, 2022",11:59 PM,73,Nonbinary,30
Illiana Roach,1-245-472-5228,illianaroach@outlook.net,688-5812 Elementum St.,Nigeria,755563,"Apr 10, 2022",4:18 PM,65,Bigender,424
Oleg Becker,1-725-860-4265,olegbecker@icloud.net,6424 Nulla Ave,Costa Rica,12508,"Feb 14, 2022",12:46 AM,48,Bigender,584
Clinton Anthony,1-621-439-5339,clintonanthony3613@icloud.net,929-9017 Aliquam Street,Singapore,447354,"May 5, 2022",2:33 PM,65,Transgender,513
Baxter Diaz,960-7413,baxterdiaz1130@icloud.org,"Ap #206-8853 Tellus, Ave",Australia,6869,"Jan 18, 2022",6:38 PM,44,Transgender,409
Calvin Gonzalez,272-4928,calvingonzalez3755@outlook.org,Ap #850-2799 Velit. St.,China,889566,"May 22, 2022",9:43 AM,39,Genderfluid,318
Zane Farmer,995-7560,zanefarmer@protonmail.net,"P.O. Box 843, 9480 Tincidunt. Rd.",Pakistan,624159,"Apr 2, 2022",9:43 AM,78,Nonbinary,79
Kennan Davenport,983-6760,kennandavenport@aol.net,321-8245 Euismod St.,Indonesia,84689,"Jan 12, 2022",9:44 AM,67,Genderfluid,51
Perry Small,635-4829,perrysmall@google.com,Ap #417-1050 Interdum Av.,Ukraine,47-33,"May 9, 2022",2:14 AM,63,Agender,229
Stephen Neal,1-982-618-3478,stephenneal@yahoo.org,Ap #364-2549 Dapibus St.,Pakistan,945745,"May 16, 2022",10:25 AM,49,Cisgender ,561
Rama Atkins,1-362-788-8677,ramaatkins5412@protonmail.org,"P.O. Box 268, 5843 Fringilla Rd.",Austria,1412,"Feb 12, 2022",12:35 AM,23,Nonbinary,87
Raja Beard,530-0467,rajabeard@hotmail.net,"P.O. Box 262, 3396 Aliquam Road",Peru,26761,"Jan 5, 2022",7:43 PM,35,Trans woman,217
MacKenzie Porter,1-252-880-6312,mackenzieporter@hotmail.com,6544 At Rd.,Nigeria,433510,"Jan 28, 2022",11:45 PM,72,Gender expansive,292
Hyacinth Johnson,1-560-665-7847,hyacinthjohnson@yahoo.net,Ap #580-6487 Et St.,Peru,27762,"Mar 13, 2022",7:07 PM,66,Genderfluid,78
Reuben Frost,711-9571,reubenfrost@icloud.org,Ap #611-5816 Mauris St.,Singapore,985252,"Jan 1, 2022",10:44 AM,62,Cisgender ,299
Jerry Malone,1-542-296-6325,jerrymalone3384@icloud.net,4828 Nisi. St.,Pakistan,787415,"May 7, 2022",5:52 PM,33,Bigender,50
Bell Moreno,665-8239,bellmoreno577@icloud.com,402-2154 Vel St.,Germany,52854,"Feb 4, 2022",4:23 PM,81,Nonbinary,128
Rama Lyons,893-8329,ramalyons@yahoo.org,901-4510 Diam Avenue,South Korea,01431,"Feb 3, 2022",11:29 PM,62,Genderfluid,490
Rae Rosario,701-6614,raerosario2393@protonmail.co,Ap #223-9864 Mi Rd.,Colombia,397343,"Feb 15, 2022",1:41 PM,23,Nonbinary,419
Ian Chase,279-5882,ianchase3347@icloud.org,139-723 Proin Road,India,861677,"Feb 12, 2022",10:34 PM,47,Cisgender ,143
Andrew Whitley,1-266-872-1584,andrewwhitley@hotmail.co,Ap #491-7484 Nascetur Road,Singapore,223442,"Feb 15, 2022",4:54 PM,69,Gender expansive,93
Gareth Gates,237-2391,garethgates4220@yahoo.co,"P.O. Box 865, 795 Turpis Rd.",China,736321,"Apr 11, 2022",2:31 AM,78,Cisgender ,423
Zenaida Barber,675-7148,zenaidabarber7817@protonmail.com,980-7593 Velit Rd.,Australia,5119,"Mar 11, 2022",7:40 AM,77,Trans woman,451
Barrett Bates,569-7434,barrettbates5221@yahoo.net,765-3434 Vestibulum Avenue,Canada,W3K 0X2,"Jan 24, 2022",6:05 AM,58,Trans man,387
Deanna Jordan,1-873-742-7967,deannajordan@icloud.org,Ap #506-5757 Blandit St.,Canada,B7G 4K5,"Apr 1, 2022",4:48 PM,21,Trans woman,533
Nathaniel Shepard,411-7754,nathanielshepard@outlook.net,3543 Enim Rd.,Mexico,11763-30683,"Jan 5, 2022",11:58 AM,24,Nonbinary,146
Orson Bell,1-582-941-4829,orsonbell@hotmail.com,1391 Cursus Street,Singapore,862129,"Apr 26, 2022",4:06 PM,36,Agender,235
Aileen Pennington,864-9306,aileenpennington6931@icloud.org,Ap #689-1529 Ante Rd.,Singapore,727565,"Mar 11, 2022",4:19 PM,25,Nonbinary,462
Tamara Bennett,1-462-461-1273,tamarabennett@aol.net,"P.O. Box 143, 3117 Ultricies Road",Philippines,6287,"Jan 28, 2022",10:22 AM,77,Two Spirit ,118
Bert Leon,1-314-755-1379,bertleon9831@aol.net,4888 Eget Street,India,883306,"Mar 10, 2022",4:31 AM,39,Trans woman,113
Candace Emerson,1-828-256-7415,candaceemerson@aol.co,152-7699 Integer Avenue,Pakistan,703582,"Jan 27, 2022",8:33 PM,73,Nonbinary,374
Harrison Bowen,1-908-988-2677,harrisonbowen@aol.com,Ap #711-7645 Eu St.,Vietnam,886227,"Mar 12, 2022",7:39 AM,22,Nonbinary,566
Talon Walters,410-6226,talonwalters@icloud.co,891-9968 Sed Ave,Indonesia,44732,"Apr 11, 2022",3:16 PM,27,Trans man,48
Asher Bruce,1-327-984-7421,asherbruce8773@yahoo.net,"Ap #277-9098 Quis, Ave",Brazil,65541-191,"Mar 9, 2022",8:52 AM,33,Trans man,447
Sydney Tillman,1-333-376-6686,sydneytillman9783@yahoo.net,674-1887 Aliquet Road,Singapore,286695,"Mar 14, 2022",7:02 AM,44,Trans man,99
Zelenia Higgins,1-213-541-3688,zeleniahiggins@aol.net,7068 Eros St.,Germany,48714,"Mar 23, 2022",3:59 AM,31,Transgender,592
Nerea Lloyd,454-2207,nerealloyd4867@icloud.net,170-7533 Imperdiet Rd.,Belgium,2436,"May 11, 2022",4:28 AM,61,Bigender,560
Mariko Herrera,1-277-327-3271,marikoherrera5714@aol.co,7158 Penatibus Av.,Peru,31413,"Mar 9, 2022",5:40 AM,63,Transgender,147
Chancellor Carson,1-511-818-2716,chancellorcarson@hotmail.org,"Ap #588-8416 Pede, Avenue",South Africa,6012-3170,"Apr 27, 2022",4:33 PM,73,Trans woman,298
Lara Peck,447-9432,larapeck@icloud.net,Ap #859-2682 Aenean Ave,Colombia,857216,"Mar 11, 2022",5:52 AM,51,Genderfluid,279
Meredith Perkins,159-6237,meredithperkins4806@protonmail.com,487-7196 Natoque Road,United States,35486,"Feb 7, 2022",3:49 PM,51,Bigender,76
Cade Owens,1-227-843-5763,cadeowens5419@hotmail.net,"P.O. Box 726, 500 Lacus, Street",Brazil,88194-666,"Apr 19, 2022",10:42 PM,77,Bigender,566
Kirby Mueller,255-8254,kirbymueller@google.net,Ap #457-1755 Vulputate St.,Colombia,433456,"Feb 2, 2022",10:05 AM,53,Gender expansive,472
Kylynn Fitzpatrick,1-357-928-0626,kylynnfitzpatrick766@yahoo.co,"P.O. Box 251, 276 Ac, Road",Ukraine,38-23,"Jan 6, 2022",1:22 PM,18,Nonbinary,147
Barclay Wheeler,1-645-948-3551,barclaywheeler@hotmail.net,"P.O. Box 550, 2222 Pede. Avenue",Sweden,27838,"Apr 22, 2022",7:36 AM,23,Cisgender ,451
Wendy Osborne,1-649-365-5773,wendyosborne@hotmail.co,364-8746 Aliquam Rd.,New Zealand,1665,"Mar 19, 2022",5:15 PM,44,Two Spirit ,16
Iola Horton,1-155-400-6756,iolahorton167@aol.com,Ap #447-9465 Lacus. Rd.,Russian Federation,606686,"Apr 7, 2022",11:29 AM,30,Gender expansive,332
Melodie Harvey,1-742-216-6216,melodieharvey@hotmail.com,"848 Tincidunt, St.",China,139322,"Jan 29, 2022",11:22 PM,52,Nonbinary,389
Rae Martin,1-565-627-4551,raemartin@aol.org,519-1862 Quam. Rd.,Poland,31-636,"Feb 13, 2022",3:15 AM,48,Bigender,321
Cedric Albert,724-3375,cedricalbert5208@aol.com,413-6856 Magna Rd.,Italy,53631,"Jan 20, 2022",1:39 AM,62,Bigender,237
Madeline Pate,825-3584,madelinepate214@yahoo.com,863-8833 A St.,Sweden,25538,"Apr 19, 2022",3:28 PM,78,Trans woman,88
Vernon Chaney,728-8545,vernonchaney5637@outlook.co,546 Est. St.,Austria,8478,"May 24, 2022",5:10 PM,60,Genderfluid,217
Brittany Hinton,1-583-741-0542,brittanyhinton5840@hotmail.co,Ap #189-6162 Scelerisque Rd.,Australia,4235,"May 23, 2022",6:28 PM,44,Agender,89
Faith Hampton,417-6324,faithhampton5610@icloud.com,540-8754 Cras Road,Netherlands,5898 PJ,"Apr 27, 2022",3:25 PM,33,Agender,291
Hall Stafford,1-230-366-4859,hallstafford5656@aol.co,"P.O. Box 971, 2621 Vehicula Street",Canada,Y6N 1B2,"Feb 11, 2022",7:28 AM,61,Trans woman,223
Ivory Hines,673-2049,ivoryhines@aol.net,2300 Gravida Av.,Sweden,33334,"May 10, 2022",11:34 PM,65,Gender expansive,211
Lila Hammond,212-7616,lilahammond2763@yahoo.net,640-8136 Egestas St.,Pakistan,428195,"May 23, 2022",8:00 AM,75,Agender,71
Kaseem Blevins,846-1433,kaseemblevins7223@aol.com,267-5285 Euismod Av.,Vietnam,854811,"Jan 3, 2022",11:20 AM,40,Genderfluid,406
Price Gay,1-553-524-3792,pricegay465@protonmail.org,"P.O. Box 728, 877 Est Av.",Colombia,854383,"May 24, 2022",10:08 PM,64,Cisgender ,1
Brynn Blanchard,1-999-567-1132,brynnblanchard2159@aol.org,226-4006 Nonummy Rd.,Philippines,3734,"Apr 22, 2022",11:28 PM,73,Genderfluid,414
Theodore Howe,283-8184,theodorehowe@hotmail.net,362-1345 Porttitor Rd.,Austria,8178,"Apr 11, 2022",1:10 PM,34,Transgender,525
Elizabeth Madden,840-3628,elizabethmadden1794@outlook.net,"Ap #854-1577 Consequat, Rd.",New Zealand,4358,"Apr 26, 2022",8:46 PM,33,Two Spirit ,435
Carla Chen,298-2166,carlachen5484@icloud.co,4772 Dictum Road,Germany,74654,"Apr 13, 2022",7:25 PM,18,Genderfluid,197
Lawrence Trevino,457-1475,lawrencetrevino@protonmail.co,866-8468 Dictum Road,China,813459,"Jan 7, 2022",1:16 PM,44,Transgender,217
Tashya Pace,1-406-621-7445,tashyapace@aol.com,Ap #858-6507 Nisi. Rd.,Poland,82-136,"Apr 20, 2022",3:28 AM,39,Two Spirit ,366
Herrod King,851-1434,herrodking5684@hotmail.co,Ap #705-1216 Duis Av.,Netherlands,8420 DA,"Jan 28, 2022",7:19 PM,19,Two Spirit ,299
Cedric Ford,443-6221,cedricford1907@yahoo.org,Ap #593-4849 Amet Rd.,Costa Rica,21713,"May 19, 2022",11:41 AM,32,Nonbinary,171
Katell Wilkerson,1-731-657-2177,katellwilkerson@hotmail.net,"9351 Nec, St.",Ukraine,74-97,"Jan 5, 2022",9:35 AM,55,Agender,102
Stephanie Beasley,752-5353,stephaniebeasley3778@hotmail.net,"P.O. Box 339, 7609 Sodales Rd.",Germany,63804,"Mar 18, 2022",12:38 PM,37,Transgender,462
India Elliott,1-307-465-6373,indiaelliott@yahoo.com,235-8664 Sit Rd.,Pakistan,104214,"Apr 21, 2022",1:06 AM,72,Nonbinary,542
Brennan Newman,1-365-223-6753,brennannewman@aol.org,921 Rutrum Avenue,Ukraine,89-54,"Jan 23, 2022",2:26 AM,79,Genderfluid,514
Akeem Rush,1-775-355-2719,akeemrush8057@protonmail.co,"P.O. Box 551, 2641 Orci Rd.",Canada,X2P 6K5,"Feb 24, 2022",5:47 PM,77,Genderfluid,69
Alexa Downs,1-854-214-1928,alexadowns6858@hotmail.com,8169 Aliquam Road,Turkey,26552,"Mar 7, 2022",2:09 PM,23,Trans woman,4
Dale Moody,575-1752,dalemoody3151@icloud.co,156-7781 Phasellus St.,Poland,91-885,"May 8, 2022",2:29 AM,69,Transgender,262
Yuli Neal,330-6545,yulineal@google.net,"P.O. Box 229, 9102 Curabitur Avenue",Germany,67109,"Jan 21, 2022",12:26 PM,63,Bigender,289
Elton Hobbs,1-135-655-8179,eltonhobbs@hotmail.net,"P.O. Box 809, 288 Lacus. Road",France,82001,"Feb 5, 2022",6:46 AM,30,Transgender,98
Yael Bauer,1-817-537-6715,yaelbauer1328@yahoo.net,590-8672 Amet Road,Mexico,75224-35492,"Mar 21, 2022",1:57 PM,49,Nonbinary,212
Isabelle Woodard,843-3343,isabellewoodard8573@protonmail.co,928-8907 Pellentesque Street,Norway,2926,"Mar 5, 2022",3:50 PM,58,Gender expansive,183
Alika Shaffer,1-248-864-2223,alikashaffer@icloud.net,491-6154 Commodo Av.,Ukraine,38-93,"Feb 11, 2022",1:23 PM,77,Trans woman,456
Dai Calhoun,223-7765,daicalhoun@outlook.com,"P.O. Box 200, 8159 Neque Rd.",Costa Rica,31218,"Mar 28, 2022",3:30 AM,47,Cisgender ,522
Alika Davidson,773-2657,alikadavidson@icloud.org,Ap #734-6302 Vestibulum Ave,Pakistan,293606,"Apr 12, 2022",11:47 PM,20,Nonbinary,170
Vaughan Tyler,302-8833,vaughantyler@yahoo.com,"P.O. Box 830, 4702 Cras St.",Pakistan,772310,"Mar 7, 2022",5:14 PM,31,Transgender,98
Vivien Rasmussen,1-915-935-3088,vivienrasmussen7317@outlook.co,Ap #448-4528 Vel Rd.,Netherlands,5407 HP,"May 25, 2022",11:32 AM,76,Trans man,55
Jonah Gray,320-7633,jonahgray5190@protonmail.co,Ap #980-1762 Auctor Rd.,Singapore,638938,"Apr 26, 2022",7:42 PM,41,Transgender,361
Debra Cameron,865-7326,debracameron@icloud.com,145-539 Arcu St.,Norway,3723,"Feb 27, 2022",2:33 PM,57,Genderfluid,55
Fatima Giles,1-707-369-1336,fatimagiles8639@protonmail.com,842-9221 Ut Avenue,Belgium,9364,"Jan 26, 2022",11:09 AM,29,Cisgender ,276
Shaine Church,1-790-866-8101,shainechurch1257@hotmail.org,149-2714 Magnis Av.,United States,72942,"May 19, 2022",12:11 PM,36,Two Spirit ,56
Burton Rios,188-4742,burtonrios9794@protonmail.net,"785-6372 Ac, Ave",Ireland,3182,"Apr 12, 2022",10:09 AM,34,Trans man,503
Harlan Medina,593-6690,harlanmedina@outlook.org,6247 Tellus Road,Spain,77044,"Feb 16, 2022",5:58 AM,49,Trans woman,595
Wilma Workman,1-349-621-5965,wilmaworkman3084@hotmail.co,"P.O. Box 853, 8464 Molestie Avenue",Pakistan,668887,"May 8, 2022",12:43 PM,80,Genderfluid,527
Mallory Adkins,227-7734,malloryadkins@yahoo.co,"755-9484 Eu, Av.",Colombia,733234,"Jan 13, 2022",12:55 PM,80,Trans man,258
Renee Tillman,526-8072,reneetillman177@yahoo.net,599-6501 Dignissim St.,Pakistan,415903,"Mar 1, 2022",7:37 AM,55,Genderfluid,305
Colette Santos,541-8734,colettesantos8264@outlook.com,5158 Sit Road,Italy,84486,"Mar 18, 2022",10:13 AM,62,Trans woman,434
Emmanuel Carlson,528-2075,emmanuelcarlson7752@google.com,Ap #178-7970 Sem Av.,Belgium,4171,"Feb 19, 2022",4:25 PM,85,Genderfluid,15
Hadley Barrera,243-4769,hadleybarrera7039@protonmail.net,309-8990 Auctor Avenue,South Africa,3845-4333,"May 13, 2022",1:17 AM,76,Agender,417
Darrel Decker,1-419-700-4316,darreldecker7337@google.net,Ap #293-605 Ac Ave,Poland,68-017,"Apr 13, 2022",6:59 AM,78,Two Spirit ,304
Keiko Carey,923-5217,keikocarey2121@google.net,Ap #253-4969 Odio Road,Netherlands,3801 FP,"Mar 29, 2022",1:47 AM,60,Gender expansive,516
Darryl Washington,1-424-662-8421,darrylwashington9111@yahoo.org,Ap #814-2459 In St.,Peru,26852,"May 23, 2022",1:43 PM,68,Gender expansive,75
Bo Dotson,1-265-622-4212,bodotson@protonmail.org,6733 Egestas St.,United Kingdom,KP8U 4HK,"Mar 16, 2022",3:54 PM,48,Trans man,80
Tasha Merritt,1-522-673-4105,tashamerritt@protonmail.org,238-7125 Magna. Rd.,Germany,50088,"Apr 9, 2022",11:38 AM,60,Agender,220
Heather Goodman,818-1814,heathergoodman5311@google.org,3213 Est Street,Mexico,91091-55891,"Apr 6, 2022",9:14 AM,76,Nonbinary,598
Connor Flowers,1-382-238-0654,connorflowers6905@hotmail.com,"P.O. Box 925, 2622 Sed Ave",Austria,6345,"Apr 10, 2022",6:32 PM,40,Trans man,140
Germane Davenport,1-878-552-7938,germanedavenport9010@protonmail.co,"Ap #470-6890 Eu, Rd.",Norway,4467,"Jan 19, 2022",6:32 AM,25,Genderfluid,233
Coby Sears,1-613-162-3637,cobysears6297@icloud.net,"P.O. Box 689, 7396 Et Avenue",Chile,415324,"Jan 21, 2022",2:39 AM,37,Cisgender ,577
Roanna Hoover,1-816-557-3253,roannahoover4780@aol.co,Ap #279-8350 Euismod St.,Nigeria,340926,"May 12, 2022",8:43 AM,70,Nonbinary,314
Josephine Evans,1-479-702-8845,josephineevans599@outlook.co,Ap #692-4640 Dis Avenue,Mexico,46659-16784,"Jan 26, 2022",1:52 AM,68,Trans man,302
Brielle Nolan,277-7376,briellenolan@protonmail.net,Ap #690-9418 Donec Ave,Costa Rica,20311,"Apr 11, 2022",4:36 AM,43,Two Spirit ,283
Carlos Camacho,1-578-774-9805,carloscamacho@outlook.com,210-2501 Pede Street,France,01200,"Apr 29, 2022",2:23 PM,67,Transgender,105
Abbot Cantu,1-575-274-3213,abbotcantu2058@icloud.net,Ap #480-7195 Vitae Rd.,United Kingdom,T17 8FF,"Apr 20, 2022",4:59 PM,52,Nonbinary,177
Brenna Ramsey,801-7693,brennaramsey2290@icloud.com,537-1104 Sem Rd.,Philippines,5625,"Jan 30, 2022",3:39 AM,51,Bigender,4
Scarlet Best,971-4658,scarletbest8807@yahoo.net,"P.O. Box 926, 9064 At, St.",New Zealand,7497,"Mar 30, 2022",9:33 PM,39,Bigender,536
Denise Burton,218-2846,deniseburton3627@icloud.org,280-9918 Adipiscing Rd.,United Kingdom,VN5 0PV,"Jan 29, 2022",9:36 AM,50,Trans man,547
Gray Ayers,723-4979,grayayers@icloud.co,"P.O. Box 742, 2265 Enim. Ave",Peru,49146,"Jan 5, 2022",11:45 AM,53,Bigender,255
Hop Conway,401-4448,hopconway3966@yahoo.net,"Ap #981-8074 Est, Road",Peru,36471,"Feb 13, 2022",4:39 PM,67,Cisgender ,143
Alfonso Mueller,908-4648,alfonsomueller@google.org,Ap #215-361 Dui. Road,Russian Federation,346867,"Feb 28, 2022",12:46 AM,65,Two Spirit ,321
William Giles,1-666-525-6728,williamgiles@protonmail.co,3811 Mollis Road,Brazil,41554-340,"Apr 9, 2022",7:38 AM,24,Genderfluid,244
Juliet Crane,1-765-939-5144,julietcrane@google.org,Ap #836-2685 Lorem Avenue,Austria,7170,"Feb 27, 2022",4:43 AM,66,Two Spirit ,176
Lamar Lowery,1-802-793-2758,lamarlowery@outlook.org,Ap #319-2925 Interdum Street,Italy,71627,"May 17, 2022",9:51 AM,76,Transgender,378
Paki Miller,825-1563,pakimiller@aol.org,Ap #759-3296 Non Road,Ireland,7246,"Apr 26, 2022",1:30 PM,28,Trans woman,43
Maxwell Lang,1-446-802-3786,maxwelllang2219@hotmail.org,Ap #385-6461 Egestas Road,South Korea,11604,"Apr 16, 2022",2:23 PM,27,Two Spirit ,546
Maggie Sosa,382-2029,maggiesosa@outlook.net,711-1125 Elit Av.,Austria,5514,"Apr 19, 2022",2:03 PM,39,Bigender,95
Lee Collins,784-3235,leecollins3616@protonmail.net,5415 Dis Road,Turkey,76440,"Mar 26, 2022",9:50 AM,51,Genderfluid,557
Irma Randall,513-3830,irmarandall@google.co,"542-989 Mauris, Av.",Peru,28182,"Feb 1, 2022",9:00 PM,59,Bigender,520
Dale Blackburn,779-4418,daleblackburn8836@protonmail.co,888-6617 Arcu St.,Turkey,16491,"Mar 10, 2022",9:37 AM,40,Agender,26
Tucker Prince,251-5574,tuckerprince@outlook.net,7062 Integer Street,China,341713,"Mar 5, 2022",1:19 PM,82,Genderfluid,431
Audrey Delaney,322-5460,audreydelaney@google.net,"Ap #927-2776 Est, St.",Philippines,7764,"Jan 31, 2022",5:49 AM,52,Two Spirit ,184
Melvin Conley,804-5373,melvinconley7427@yahoo.com,Ap #155-2006 Ipsum. St.,Netherlands,1192 XF,"Mar 22, 2022",3:20 AM,85,Trans man,220
Gisela Sloan,234-5686,giselasloan8527@outlook.com,Ap #890-1476 Natoque Av.,Belgium,5366,"Mar 4, 2022",9:14 PM,84,Two Spirit ,429
Carolyn Hendricks,762-9451,carolynhendricks8175@outlook.com,Ap #316-3938 Aliquet Rd.,Russian Federation,143478,"Feb 9, 2022",9:54 PM,82,Gender expansive,289
Selma Holden,823-2214,selmaholden3632@aol.co,Ap #849-6036 Eget Rd.,Mexico,58916-64636,"Jan 15, 2022",6:33 PM,53,Bigender,537
Jolene Sellers,649-0795,jolenesellers9655@google.co,4136 Dapibus Street,Nigeria,267521,"Apr 5, 2022",2:22 PM,82,Transgender,364
Burton Morrison,1-562-569-4649,burtonmorrison@aol.org,"7393 Sem, Av.",United Kingdom,J41 3SP,"Jan 16, 2022",9:57 PM,38,Agender,577
Burton Morrison,1-562-569-4649,burtonmorrison@aol.org,"7393 Sem, Av.",United Kingdom,J41 3SP,"Jan 16, 2022",9:57 PM,38,Agender,577
Gabriel Hardy,1-848-373-5177,gabrielhardy2817@aol.com,965-3136 Mollis. Avenue,Netherlands,7588 EO,"May 10, 2022",5:07 PM,61,Gender expansive,414
Mari Hahn,1-353-954-8444,marihahn@protonmail.org,5857 Dui. Ave,Brazil,24702-126,"Feb 15, 2022",6:25 PM,63,Two Spirit ,418
Cooper Key,822-4544,cooperkey1493@google.org,139-3494 Ac Street,Poland,45-606,"Apr 1, 2022",3:55 PM,18,Two Spirit ,79
Jena Herring,945-7358,jenaherring4864@protonmail.co,"634-1537 Pede, Ave",Vietnam,788304,"Feb 1, 2022",1:50 AM,28,Trans woman,183
Steven Mueller,319-1567,stevenmueller2106@google.org,Ap #497-6598 Penatibus Avenue,Mexico,16724-70621,"Mar 1, 2022",2:47 AM,80,Bigender,217
Jane Olsen,571-1533,janeolsen@icloud.co,849-933 Fusce Ave,Nigeria,130733,"May 14, 2022",12:38 PM,70,Trans man,261
Phelan Suarez,1-342-536-1154,phelansuarez@protonmail.co,Ap #684-9606 Ut Avenue,Turkey,36137,"Jan 9, 2022",4:17 PM,83,Agender,233
Harrison Stephenson,427-1563,harrisonstephenson3313@aol.com,8660 Praesent Ave,Norway,5162,"Feb 21, 2022",1:58 AM,83,Genderfluid,133
Rhea Wagner,1-300-677-1134,rheawagner2381@protonmail.com,318-8355 Lacus Road,South Africa,2301-3770,"May 6, 2022",3:24 PM,28,Genderfluid,590
Griffin Miranda,449-5624,griffinmiranda3268@yahoo.net,3544 Quis Street,Netherlands,1854 EM,"Jan 24, 2022",7:03 AM,43,Agender,485
Reece Richard,719-7828,reecerichard@hotmail.org,Ap #772-1500 Arcu Road,Belgium,6724,"Jan 28, 2022",10:58 PM,39,Nonbinary,123
William Dominguez,1-681-447-2441,williamdominguez@hotmail.org,589-9933 A Av.,Brazil,18832-209,"Jan 24, 2022",12:29 PM,29,Transgender,371
Ryan Quinn,865-6223,ryanquinn@protonmail.co,244 Eu Road,Spain,22468,"Mar 3, 2022",4:21 PM,49,Cisgender ,81
Blaze Fulton,311-9810,blazefulton4601@aol.co,Ap #435-6344 At Rd.,France,80830,"Jan 16, 2022",5:13 PM,26,Genderfluid,396
Cathleen Hinton,1-876-611-6808,cathleenhinton771@google.org,795-9662 Rutrum Rd.,Italy,88967,"May 12, 2022",9:43 AM,46,Transgender,128
Maile Jordan,258-8364,mailejordan@icloud.com,4202 Cras Av.,Germany,86112,"May 7, 2022",7:10 PM,84,Agender,145
Micah Quinn,688-3674,micahquinn@protonmail.co,394-2369 Aliquet Street,Turkey,04152,"May 20, 2022",8:35 AM,39,Agender,77
Chava Craft,1-428-506-9227,chavacraft@outlook.com,"P.O. Box 780, 1708 Lectus Rd.",Norway,3963,"Feb 17, 2022",4:30 AM,34,Trans man,466
Keaton Walls,216-3278,keatonwalls3493@outlook.org,Ap #737-7900 Diam Rd.,Brazil,92175-825,"Mar 31, 2022",8:44 AM,49,Genderfluid,18
Faith Cooper,278-5112,faithcooper@yahoo.org,908-1160 Risus. St.,Singapore,756187,"Feb 9, 2022",8:01 AM,25,Agender,402
John Bruce,335-1641,johnbruce@google.com,3422 Luctus. Avenue,Peru,15264,"Apr 6, 2022",9:37 AM,85,Two Spirit ,599
Garrett Franco,1-732-842-1035,garrettfranco7044@aol.org,6680 Et Road,Netherlands,6946 BQ,"Mar 29, 2022",5:18 PM,82,Nonbinary,324
Phelan Booth,437-5257,phelanbooth9172@aol.co,9613 Arcu Rd.,Vietnam,742527,"Apr 14, 2022",6:29 PM,18,Transgender,355
Breanna Mcconnell,1-938-464-3304,breannamcconnell9570@outlook.org,Ap #772-2989 Sed St.,Ireland,4334,"May 15, 2022",3:19 PM,53,Gender expansive,160
Alan Horton,1-534-521-2214,alanhorton@protonmail.org,3235 Donec Rd.,Peru,14814,"Feb 10, 2022",5:30 AM,31,Two Spirit ,359
Phyllis Ferguson,1-453-772-2763,phyllisferguson@aol.co,"P.O. Box 663, 7999 Dolor. Rd.",Chile,197816,"Jan 3, 2022",11:45 PM,24,Bigender,591
Elijah William,1-616-231-8624,elijahwilliam6102@aol.co,442-2184 Duis Rd.,Chile,616281,"Apr 7, 2022",7:55 PM,22,Transgender,298
Kay Casey,1-621-966-3166,kaycasey@aol.co,1372 Nullam Ave,New Zealand,2269,"Mar 2, 2022",1:12 AM,42,Trans man,372
Ima Petersen,477-5651,imapetersen@google.com,Ap #587-6239 Magna St.,Nigeria,645333,"Mar 27, 2022",4:50 PM,21,Two Spirit ,300
Calista Kirk,1-636-355-2665,calistakirk@aol.co,6758 Rhoncus. Avenue,India,427448,"May 22, 2022",3:50 AM,53,Trans woman,550
Russell Berry,1-446-412-0123,russellberry6992@protonmail.com,"P.O. Box 725, 2562 Feugiat Rd.",Spain,25342,"May 10, 2022",1:08 AM,71,Genderfluid,349
Kyle Pitts,770-2647,kylepitts2901@protonmail.com,691-7820 Bibendum St.,Australia,4285,"Apr 30, 2022",3:10 AM,37,Trans man,379
Kitra Olsen,240-4855,kitraolsen8891@aol.net,"P.O. Box 482, 3117 Duis Street",Pakistan,248669,"Jan 7, 2022",9:49 AM,63,Agender,153
Dana Cardenas,698-6362,danacardenas952@outlook.co,426-8207 Ligula. Ave,Turkey,38234,"May 11, 2022",7:18 PM,64,Two Spirit ,454
Valentine Ruiz,434-3452,valentineruiz@protonmail.org,498-6461 Ac Avenue,Pakistan,265329,"Mar 20, 2022",3:41 PM,37,Gender expansive,235
Azalia Mathews,528-1440,azaliamathews2613@protonmail.com,Ap #319-2078 Fusce Rd.,Turkey,39586,"Apr 29, 2022",1:32 PM,33,Trans woman,569
Ruby Stephens,1-443-725-8214,rubystephens@icloud.org,"P.O. Box 261, 7278 Lectus Ave",Chile,874593,"Mar 24, 2022",1:34 PM,83,Two Spirit ,53
Britanni Dillard,1-636-528-6457,britannidillard@icloud.com,"P.O. Box 307, 935 Cras Av.",Australia,8382,"Feb 27, 2022",10:54 PM,54,Genderfluid,337
Orli Santiago,773-8931,orlisantiago4129@yahoo.co,533-7939 Arcu. Rd.,Philippines,1041,"Feb 8, 2022",2:27 AM,69,Genderfluid,557
Colette Snider,524-5626,colettesnider@aol.com,843-9530 Augue Street,Norway,8881,"Apr 26, 2022",5:14 PM,19,Gender expansive,472
Logan Salas,1-821-879-7031,logansalas@yahoo.net,Ap #426-2526 Tempor Avenue,South Africa,4701-8812,"Feb 26, 2022",4:03 AM,73,Bigender,445
Meghan Conway,1-641-381-5272,meghanconway5998@protonmail.com,"P.O. Box 125, 3439 Vivamus Ave",Colombia,331897,"Jan 4, 2022",5:50 PM,53,Transgender,163
Carter Sykes,637-1718,cartersykes1884@outlook.net,391-1731 Quam Street,Mexico,56211-93852,"Jan 7, 2022",11:42 AM,78,Genderfluid,489
Suki Barber,504-3476,sukibarber@yahoo.net,Ap #281-6870 Laoreet Road,Netherlands,6974 FX,"Jan 25, 2022",11:53 AM,51,Trans woman,139
Chastity Stanton,664-5410,chastitystanton@aol.org,"P.O. Box 780, 9782 Purus, Ave",South Korea,21664,"Jan 10, 2022",8:09 PM,42,Nonbinary,288
Carlos Ortiz,910-2538,carlosortiz@outlook.org,"Ap #246-7594 Aliquam, Rd.",France,49630,"Mar 24, 2022",6:06 AM,70,Cisgender ,461
Signe Mcclain,1-257-831-1559,signemcclain@hotmail.net,4596 Sem Avenue,Pakistan,190634,"Mar 12, 2022",12:31 PM,81,Nonbinary,246
Breanna Peters,286-9847,breannapeters@yahoo.org,Ap #708-8800 Neque. Street,Austria,9773,"Feb 28, 2022",4:17 PM,63,Cisgender ,335
Shannon Kline,1-820-484-2753,shannonkline@yahoo.co,1756 Phasellus Street,Australia,9227,"Feb 14, 2022",2:28 PM,36,Trans woman,494
Harper Bradley,1-917-344-4615,harperbradley278@yahoo.org,Ap #654-5200 Sed Street,Sweden,68675,"Mar 14, 2022",8:26 PM,31,Trans woman,512
Eagan Alvarez,694-0621,eaganalvarez429@google.co,1968 Dolor. Road,France,34580,"May 25, 2022",2:20 AM,72,Two Spirit ,5
Autumn Mitchell,213-0877,autumnmitchell4905@yahoo.net,Ap #111-5899 Suspendisse Street,China,454173,"Feb 21, 2022",6:40 AM,52,Genderfluid,257
Kaseem Small,307-8357,kaseemsmall@icloud.co,6874 Magna. Rd.,Nigeria,725444,"May 15, 2022",4:04 AM,67,Genderfluid,492
Fiona Conner,1-885-970-5763,fionaconner8268@protonmail.org,Ap #827-621 Tincidunt Street,New Zealand,3596,"May 4, 2022",8:30 PM,26,Trans woman,389
April Patel,1-633-617-4395,aprilpatel@outlook.co,8335 Tellus Street,South Africa,3597-4223,"May 17, 2022",3:38 AM,31,Trans woman,356
Ray Valenzuela,1-822-534-9563,rayvalenzuela2165@aol.co,Ap #905-6124 Mauris Avenue,Turkey,44310,"Feb 26, 2022",6:07 AM,75,Cisgender ,159
Daniel Montgomery,175-4372,danielmontgomery@icloud.co,Ap #592-7036 Nulla Street,Sweden,52763,"Feb 9, 2022",6:26 AM,59,Cisgender ,380
Libby Hood,540-8521,libbyhood4778@yahoo.com,Ap #138-7654 Orci Avenue,Pakistan,975856,"Mar 13, 2022",7:23 AM,73,Trans woman,504
Graiden Yates,648-3551,graidenyates@icloud.org,846-1601 Metus. Rd.,United States,97546,"Feb 13, 2022",11:43 AM,19,Agender,27
Marny Cleveland,1-415-554-9285,marnycleveland@outlook.com,324-5573 Cursus. Rd.,Nigeria,696728,"May 4, 2022",6:02 AM,24,Nonbinary,79
Elizabeth Everett,822-6018,elizabetheverett7302@yahoo.org,"849-1938 A, St.",Spain,72441,"Feb 24, 2022",8:30 AM,21,Two Spirit ,193
Declan Tillman,479-2264,declantillman@yahoo.org,"171-5293 Magna, Road",Germany,58320,"Apr 1, 2022",8:26 PM,83,Trans man,152
September Chavez,439-8971,septemberchavez@outlook.co,739-6944 Et Av.,New Zealand,7773,"Jan 21, 2022",1:07 AM,23,Trans woman,493
Ursa Cherry,828-7107,ursacherry9661@outlook.co,3260 Nibh Ave,Australia,6562,"Jan 8, 2022",4:18 AM,69,Transgender,390
Ferris Hobbs,1-515-539-6106,ferrishobbs@protonmail.co,"Ap #150-4172 Vitae, Avenue",Germany,73048,"Mar 31, 2022",2:37 PM,84,Trans man,340
Malik Bentley,897-7447,malikbentley1946@aol.com,296-4038 Molestie. Street,Turkey,68188,"Jan 15, 2022",9:26 PM,52,Gender expansive,559
Madeson Fischer,164-9641,madesonfischer@aol.co,7081 Erat Avenue,Ireland,6486,"Feb 20, 2022",3:17 PM,80,Trans woman,520
Lucas Browning,1-447-287-4086,lucasbrowning7621@yahoo.com,Ap #532-5875 Non Rd.,Germany,21987,"Apr 28, 2022",11:41 AM,18,Trans woman,216
Ezekiel Wilson,333-4285,ezekielwilson@protonmail.com,"P.O. Box 281, 4588 Eu Rd.",India,325695,"May 4, 2022",10:12 AM,57,Nonbinary,33
Kamal Cole,1-206-316-2217,kamalcole@icloud.net,6385 Eget St.,Italy,38818,"May 22, 2022",8:59 AM,30,Bigender,197
Wendy Mcdonald,285-8356,wendymcdonald9467@protonmail.net,633-2907 Tellus Street,United States,51345,"Mar 4, 2022",1:58 AM,20,Cisgender ,295
Giacomo Weaver,1-611-581-5227,giacomoweaver@icloud.org,1056 Dolor. St.,Russian Federation,300457,"Mar 20, 2022",6:47 AM,44,Transgender,523
Susan Fleming,1-683-246-0827,susanfleming4905@outlook.net,Ap #669-4887 Sed Street,Nigeria,888991,"Jan 5, 2022",2:58 PM,84,Trans man,64
Shellie Wong,1-770-143-6110,shelliewong9167@hotmail.org,281-1448 Bibendum Rd.,Sweden,28816,"Mar 27, 2022",12:24 PM,25,Nonbinary,541
Ariana Ramirez,215-3508,arianaramirez@protonmail.net,854-3706 Facilisis Road,Italy,20413,"May 24, 2022",5:31 AM,64,Two Spirit ,252
Fitzgerald Harrington,1-433-697-0356,fitzgeraldharrington123@aol.net,"P.O. Box 909, 4897 Tellus. Rd.",Austria,1285,"May 22, 2022",5:26 PM,35,Bigender,130
Lenore Mathews,764-8583,lenoremathews5234@hotmail.org,"P.O. Box 426, 8418 Nunc Rd.",Belgium,4018,"Mar 24, 2022",5:17 AM,41,Nonbinary,505
Natalie Gordon,147-4645,nataliegordon3808@google.com,"P.O. Box 422, 9355 Aliquam Rd.",Norway,3258,"Jan 18, 2022",10:22 PM,32,Trans man,282
Kitra Guthrie,1-542-857-1932,kitraguthrie6140@google.net,904-9323 Nunc St.,Poland,31-675,"Apr 6, 2022",9:16 AM,78,Bigender,145
Winter Beach,128-3185,winterbeach5184@icloud.co,Ap #392-2350 Mauris St.,Indonesia,38722,"Feb 22, 2022",7:00 AM,73,Bigender,533
Magee Richmond,242-6168,mageerichmond@protonmail.net,"Ap #323-6921 Enim, Ave",United States,46831,"Jan 28, 2022",5:56 PM,55,Nonbinary,106
Prescott Howell,394-4422,prescotthowell4920@hotmail.net,Ap #945-1582 Est St.,Indonesia,34984,"May 10, 2022",10:00 AM,49,Genderfluid,3
Hiroko Clemons,1-664-737-1774,hirokoclemons9359@google.com,183-2093 Ut Rd.,South Korea,03728,"Apr 21, 2022",11:59 PM,39,Trans man,168
Echo Colon,1-577-726-4468,echocolon@icloud.com,5564 Tincidunt Street,Italy,75174,"Feb 20, 2022",4:56 PM,79,Transgender,5
Silas Bailey,841-7235,silasbailey@google.co,277-7893 Habitant Ave,Colombia,789477,"Jan 21, 2022",1:59 AM,75,Agender,586
Ira Horton,1-489-323-2527,irahorton@hotmail.co,"P.O. Box 346, 969 Eget, Street",Netherlands,2071 QU,"May 5, 2022",9:16 PM,48,Bigender,368
Camille Fitzgerald,523-6834,camillefitzgerald@protonmail.co,Ap #655-9910 Venenatis Av.,Philippines,5541,"Mar 4, 2022",3:56 PM,46,Genderfluid,99
Isadora Knight,816-8874,isadoraknight@protonmail.com,"Ap #712-2216 Et, Road",Russian Federation,346455,"Feb 8, 2022",10:26 AM,69,Gender expansive,406
Thomas Griffin,402-5526,thomasgriffin@hotmail.org,4193 A Rd.,Indonesia,21217,"Mar 10, 2022",2:53 PM,72,Gender expansive,128
Aladdin Alvarado,528-2651,aladdinalvarado@yahoo.co,3579 Curabitur Road,China,389904,"Feb 18, 2022",11:54 AM,34,Trans woman,527
Leandra Thompson,879-8122,leandrathompson@hotmail.net,136-586 Mollis. St.,Belgium,1752,"Feb 8, 2022",10:10 AM,83,Trans man,11
Hope Wagner,1-982-525-1454,hopewagner8716@hotmail.net,"Ap #161-4221 Placerat, Av.",Vietnam,697353,"Mar 11, 2022",11:17 PM,38,Genderfluid,103
Jenette Hull,989-0864,jenettehull@aol.net,497-5395 Enim. Rd.,Peru,17794,"Apr 18, 2022",1:23 AM,38,Agender,356
Camden Shaffer,1-293-248-9470,camdenshaffer5720@protonmail.co,Ap #747-7775 Ligula. Road,Ukraine,68-53,"Apr 8, 2022",11:43 AM,33,Trans woman,54
Charles Walls,331-9643,charleswalls9608@yahoo.net,Ap #996-3197 Felis Rd.,South Africa,6485-1969,"Jan 11, 2022",2:38 AM,57,Bigender,423
Deacon Bruce,1-846-558-6574,deaconbruce8792@hotmail.net,"P.O. Box 808, 487 Eu, St.",Pakistan,757473,"Apr 22, 2022",6:24 AM,35,Agender,407
Nadine Fox,588-6636,nadinefox@icloud.co,Ap #190-5645 Ac Rd.,Mexico,78645-48942,"Mar 26, 2022",2:39 PM,53,Two Spirit ,201
Quintessa Lamb,1-283-553-5774,quintessalamb@google.net,Ap #397-4074 Fermentum Av.,Austria,3924,"Feb 23, 2022",3:34 AM,70,Transgender,438
Iola Hewitt,1-514-877-4165,iolahewitt@outlook.co,Ap #185-9788 Fermentum Road,Sweden,15458,"Mar 22, 2022",12:45 AM,32,Two Spirit ,70
Jonah Burgess,190-2239,jonahburgess3602@google.com,Ap #931-6339 Semper Rd.,Vietnam,762882,"Jan 1, 2022",3:15 PM,58,Transgender,416
Briar Reilly,633-0152,briarreilly@aol.net,658-3436 Est. St.,Italy,87142,"May 25, 2022",5:09 AM,67,Transgender,125
Cheyenne Wilkins,1-441-526-7554,cheyennewilkins@yahoo.com,Ap #450-965 Varius St.,Chile,323817,"Mar 25, 2022",9:48 AM,20,Agender,442
Tobias Dillard,1-134-345-7053,tobiasdillard@yahoo.net,"4604 Tincidunt, Street",Italy,38645,"Jan 31, 2022",1:03 AM,32,Gender expansive,154
Nolan Campos,904-8257,nolancampos6781@hotmail.com,5488 Quam Rd.,Peru,37344,"Apr 29, 2022",1:23 AM,45,Genderfluid,189
Yetta Santos,1-388-866-7562,yettasantos@yahoo.net,"P.O. Box 892, 5790 Neque. Road",Peru,45784,"Mar 12, 2022",2:14 PM,26,Genderfluid,313
Leonard Riddle,1-725-826-1854,leonardriddle948@aol.com,3386 Nullam St.,China,303875,"Jan 15, 2022",8:29 PM,64,Trans man,430
Benedict Dorsey,1-737-525-7916,benedictdorsey5007@yahoo.com,656-9766 Magna. St.,Belgium,6748,"Jan 15, 2022",6:54 AM,77,Cisgender ,471
Fiona Burgess,1-314-378-1152,fionaburgess@yahoo.com,"P.O. Box 306, 4110 Vitae St.",Sweden,52622,"Jan 24, 2022",4:36 AM,80,Transgender,166
Macy Rocha,1-722-304-5375,macyrocha@protonmail.co,"403-5494 Ullamcorper, St.",Norway,3274,"Jan 28, 2022",8:18 AM,60,Transgender,119
Buffy Dejesus,455-4468,buffydejesus@protonmail.org,2373 Felis Ave,Australia,3397,"Jan 11, 2022",9:02 PM,83,Bigender,578
Stacey Franco,674-1030,staceyfranco7757@aol.com,Ap #793-4019 Augue. Rd.,Poland,86-178,"Feb 22, 2022",11:10 PM,25,Cisgender ,229
Tana Stone,373-4296,tanastone8995@protonmail.com,825-3167 Posuere Rd.,Singapore,351768,"Jan 17, 2022",10:13 AM,44,Nonbinary,90
Gray Mckenzie,632-8528,graymckenzie@icloud.com,3873 Urna Ave,Philippines,6034,"Apr 7, 2022",1:31 AM,76,Transgender,596
Declan O'brien,567-2855,declanobrien@google.org,Ap #981-6221 Risus Av.,India,871895,"May 20, 2022",4:47 AM,52,Trans woman,190
Rafael O'connor,1-986-412-5288,rafaeloconnor@google.net,Ap #296-2533 Suspendisse Avenue,United States,79157,"Apr 2, 2022",2:35 AM,40,Bigender,504
Morgan Hodge,153-9239,morganhodge4442@protonmail.net,"P.O. Box 437, 5541 Nascetur Ave",Brazil,88394-496,"Jan 27, 2022",2:40 PM,50,Bigender,333
Lane Campos,1-217-445-9221,lanecampos@icloud.org,Ap #257-1944 Tincidunt Rd.,Turkey,28006,"May 12, 2022",12:34 PM,44,Transgender,3
Lane Campos,1-217-445-9221,lanecampos@icloud.org,Ap #257-1944 Tincidunt Rd.,Turkey,28006,"May 12, 2022",12:34 PM,44,Transgender,3
Rudyard Wise,1-116-211-1027,rudyardwise@icloud.co,682-7311 Auctor Avenue,Indonesia,68142,"Feb 13, 2022",7:24 AM,50,Nonbinary,212
Octavia Gilmore,1-694-795-6583,octaviagilmore@hotmail.co,"P.O. Box 924, 602 A St.",Mexico,63330-42466,"Jan 9, 2022",10:32 PM,61,Transgender,425
Pandora Robertson,1-527-822-0468,pandorarobertson@hotmail.com,"P.O. Box 764, 4135 Dui. Av.",Chile,061636,"Feb 15, 2022",2:38 PM,67,Transgender,165
Lucas Carney,1-735-387-8233,lucascarney3769@icloud.com,843-7995 Sed Road,United Kingdom,P3T 8JQ,"Apr 14, 2022",7:53 PM,43,Transgender,489
Emily Stevenson,802-5132,emilystevenson8056@google.net,4745 Lorem Road,Spain,77311,"May 22, 2022",11:54 AM,28,Bigender,322
Charles Avila,742-2324,charlesavila@aol.org,Ap #256-2667 Est. Road,New Zealand,4430,"Apr 6, 2022",7:10 AM,67,Bigender,284
Lester Richardson,1-367-478-7381,lesterrichardson@aol.org,"P.O. Box 468, 3556 Rutrum Rd.",Indonesia,41698,"Feb 8, 2022",3:11 PM,29,Two Spirit ,5
Reece Wilder,1-783-488-3111,reecewilder@protonmail.org,Ap #331-1642 Integer Avenue,United States,85391,"May 1, 2022",3:57 AM,19,Nonbinary,235
Mark Shaffer,1-388-347-1854,markshaffer@outlook.com,895-2632 Parturient St.,South Korea,04001,"Apr 18, 2022",4:02 PM,45,Two Spirit ,19
Harding Bowman,384-2337,hardingbowman@protonmail.net,852-6805 Curae Av.,China,638134,"Mar 13, 2022",3:34 AM,55,Agender,500
Nell Warren,811-6908,nellwarren1549@aol.net,"Ap #921-6538 Eu, St.",South Africa,5610-4819,"Mar 21, 2022",2:26 AM,43,Bigender,273
Evangeline Kaufman,1-642-861-7183,evangelinekaufman@outlook.org,Ap #894-1062 Erat Av.,Austria,4823,"Apr 5, 2022",5:44 AM,40,Trans man,115
Brenna Conley,562-3365,brennaconley5357@aol.net,"P.O. Box 564, 1866 Nec Avenue",Sweden,52052,"Jan 22, 2022",7:47 PM,64,Agender,444
Arsenio Copeland,1-547-371-0874,arseniocopeland9690@google.co,Ap #682-5241 Tincidunt Rd.,United States,84552,"Mar 4, 2022",6:58 PM,59,Trans woman,73
Honorato Pacheco,872-7215,honoratopacheco@icloud.net,Ap #718-258 Elementum St.,France,84523,"Feb 16, 2022",8:14 AM,43,Trans woman,549
Mechelle Carey,1-521-881-9673,mechellecarey@protonmail.org,"P.O. Box 652, 2616 Cursus Ave",Austria,3878,"Jan 31, 2022",5:25 AM,67,Cisgender ,241
Bradley Hays,1-612-527-3651,bradleyhays@outlook.co,"P.O. Box 321, 7233 Vitae Avenue",Philippines,2177,"Mar 5, 2022",1:07 AM,47,Trans man,27
Oscar Bradley,1-333-256-1528,oscarbradley6@yahoo.co,"P.O. Box 582, 2172 Blandit Avenue",Netherlands,0748 HI,"Feb 18, 2022",11:50 PM,73,Agender,557
Leroy Noble,617-0628,leroynoble@protonmail.com,Ap #206-6476 Lectus Ave,Norway,6439,"Apr 13, 2022",10:11 AM,67,Two Spirit ,213
Zeph Duncan,746-9817,zephduncan@yahoo.org,"770-7466 Non, St.",Colombia,495228,"May 19, 2022",3:47 PM,42,Two Spirit ,432
Jillian Harrell,1-522-823-4951,jillianharrell4108@yahoo.co,Ap #292-6161 Posuere Road,United States,43736,"Apr 13, 2022",11:02 PM,80,Genderfluid,422
Cyrus Jenkins,574-7243,cyrusjenkins@outlook.net,261-167 Varius Rd.,Singapore,624354,"Apr 24, 2022",12:41 PM,41,Genderfluid,14
Adria Vincent,272-6177,adriavincent@aol.com,Ap #126-1577 Eget Road,Ukraine,47-27,"Mar 15, 2022",4:52 PM,59,Bigender,34
Benedict Larson,852-1817,benedictlarson@yahoo.net,Ap #533-8377 Volutpat Road,New Zealand,1611,"Feb 10, 2022",12:28 AM,55,Genderfluid,486
Yoshi Kelley,895-7726,yoshikelley@outlook.co,7519 Lorem Street,China,374111,"Jan 30, 2022",11:58 PM,83,Transgender,541
Brady Perez,839-4990,bradyperez5377@outlook.net,Ap #184-2413 Duis Street,Pakistan,170029,"May 12, 2022",10:37 PM,52,Gender expansive,483
Alfonso Guy,431-9122,alfonsoguy@hotmail.org,5093 Interdum. Avenue,Australia,6559,"Apr 4, 2022",8:14 PM,61,Trans woman,326
Simon Riddle,1-287-476-7174,simonriddle@icloud.net,678-6021 Augue St.,Chile,672454,"May 3, 2022",10:24 AM,44,Gender expansive,484
Heidi Coleman,884-4217,heidicoleman@hotmail.com,6778 Nec Avenue,Australia,3147,"May 11, 2022",8:08 AM,18,Cisgender ,279
Kibo Cervantes,1-813-556-5722,kibocervantes@outlook.org,452-7455 Curabitur Ave,Chile,220317,"Mar 18, 2022",10:33 PM,82,Gender expansive,509
Phillip Rasmussen,869-4456,philliprasmussen9855@icloud.com,9902 Metus. Avenue,United Kingdom,B05 7YK,"Mar 9, 2022",11:23 PM,26,Bigender,128
Nelle Mcguire,483-4757,nellemcguire@outlook.net,"P.O. Box 554, 7964 Luctus Street",New Zealand,8030,"Apr 22, 2022",10:14 AM,83,Nonbinary,348
Joseph Mueller,898-7307,josephmueller@yahoo.com,630-5386 Eu Ave,Peru,35355,"Jan 4, 2022",11:44 PM,53,Bigender,65
Montana Rodriquez,948-1664,montanarodriquez8777@protonmail.co,Ap #143-767 Nec Rd.,India,472148,"Jan 8, 2022",12:32 AM,21,Two Spirit ,31
Demetrius Reynolds,1-542-526-2041,demetriusreynolds@google.org,580-3954 Augue Avenue,Vietnam,946820,"May 25, 2022",3:50 AM,56,Cisgender ,474
Dustin Turner,1-469-883-6155,dustinturner6828@hotmail.org,775-699 Tincidunt Rd.,Costa Rica,21902,"Jan 24, 2022",4:48 AM,29,Cisgender ,180
Dahlia Hammond,1-584-778-7413,dahliahammond703@yahoo.net,3631 Malesuada. St.,Turkey,66249,"Feb 2, 2022",6:00 AM,29,Trans man,190
Madeline Fitzpatrick,824-1674,madelinefitzpatrick418@protonmail.net,Ap #268-9596 Nunc Road,Costa Rica,50210,"Feb 4, 2022",3:16 AM,56,Nonbinary,328
Kai Pate,1-185-522-5272,kaipate4646@protonmail.co,Ap #716-3171 Mus. St.,South Korea,12484,"Apr 16, 2022",7:09 AM,71,Agender,154
Ocean Higgins,1-930-514-8336,oceanhiggins2585@aol.co,722-5249 Enim Road,Poland,21-513,"Jan 13, 2022",3:28 AM,57,Nonbinary,200
Xyla Charles,1-918-853-2877,xylacharles@yahoo.org,Ap #238-2323 Metus. Street,United Kingdom,GE12 8OG,"Feb 17, 2022",4:28 PM,72,Nonbinary,364
Jacqueline Gill,1-293-548-3473,jacquelinegill821@yahoo.org,Ap #722-7417 Sodales Rd.,Austria,4675,"May 12, 2022",5:09 AM,75,Agender,470
Zeus Walls,1-345-269-8171,zeuswalls@yahoo.co,"Ap #146-6292 Orci, Avenue",Peru,26693,"Mar 26, 2022",9:13 AM,47,Transgender,516
Haley Case,1-826-348-6210,haleycase3873@hotmail.co,9269 Fusce Road,Mexico,33239-24465,"Mar 18, 2022",3:22 PM,20,Bigender,3
Keith Rodgers,1-521-781-9209,keithrodgers@google.com,Ap #606-3089 Blandit. Avenue,Nigeria,687243,"Mar 27, 2022",7:36 PM,83,Transgender,73
David Schneider,1-162-829-3413,davidschneider@icloud.co,428-6238 Nibh. Rd.,Singapore,781766,"Feb 6, 2022",2:18 PM,69,Cisgender ,158
Flavia Hayden,565-7407,flaviahayden@outlook.co,125-4240 Neque. St.,Sweden,50386,"Apr 9, 2022",4:57 AM,38,Trans woman,339
Keane Velez,357-3704,keanevelez@aol.net,Ap #437-5399 Phasellus Ave,Mexico,75542-33224,"Jan 5, 2022",2:17 AM,83,Two Spirit ,263
Fredericka Mcconnell,1-320-447-5555,frederickamcconnell@yahoo.com,"365-5157 Pharetra, Av.",United States,37723,"Feb 16, 2022",6:09 AM,80,Trans woman,185
Price Emerson,585-5494,priceemerson@hotmail.net,Ap #386-2401 Pharetra. Rd.,South Korea,26747,"Jan 31, 2022",9:05 AM,73,Transgender,382
Iris Merrill,866-4654,irismerrill954@yahoo.co,"P.O. Box 403, 2563 In Road",Australia,8778,"Jan 12, 2022",5:54 PM,71,Agender,243
Selma Garza,491-7864,selmagarza@aol.org,281-1759 Mauris Rd.,Nigeria,955600,"May 5, 2022",10:36 AM,37,Nonbinary,13
Virginia Hart,808-0244,virginiahart@icloud.co,9851 Dui. Avenue,South Korea,08405,"Apr 6, 2022",2:52 AM,83,Gender expansive,103
Vincent Marshall,196-4693,vincentmarshall5757@google.com,827-2864 Pellentesque Rd.,United Kingdom,P73 1PL,"Jan 13, 2022",2:53 AM,61,Trans man,478
Yetta Moore,666-5108,yettamoore6648@protonmail.org,5547 Mauris Road,Italy,58387,"Apr 2, 2022",5:34 AM,69,Trans woman,591
Dominique Browning,1-925-486-6775,dominiquebrowning1170@google.net,"P.O. Box 906, 2155 Integer Av.",Brazil,81363-237,"May 6, 2022",10:01 AM,43,Trans man,309
Alvin Reese,962-8428,alvinreese@outlook.co,624-2348 Curae Avenue,Mexico,21461-58177,"Mar 15, 2022",3:22 AM,55,Two Spirit ,597
Ray Gamble,1-510-530-2935,raygamble@protonmail.com,Ap #357-3177 Tincidunt Av.,South Africa,5321-9915,"Apr 26, 2022",4:46 PM,24,Genderfluid,332
Jameson Short,131-8277,jamesonshort5314@yahoo.org,947-1316 Nunc Road,Belgium,4333,"Apr 27, 2022",7:21 AM,48,Transgender,578
Steven Blankenship,417-7285,stevenblankenship@hotmail.com,8317 Cursus Avenue,Ireland,8836,"May 18, 2022",2:23 AM,75,Gender expansive,189
Hayley Gould,1-205-774-7113,hayleygould5439@google.net,"P.O. Box 290, 2309 Vel, Street",Norway,5431,"Apr 15, 2022",12:13 AM,62,Cisgender ,569
Jonah Simmons,1-688-604-9012,jonahsimmons@yahoo.co,7894 Ac Rd.,Australia,6864,"Feb 13, 2022",7:46 PM,24,Genderfluid,456
Sophia Zamora,545-1635,sophiazamora@aol.com,635-7350 Cras Rd.,United States,20568,"Jan 21, 2022",11:56 PM,31,Trans woman,277
Tad Stevenson,518-6165,tadstevenson183@icloud.com,Ap #756-6154 Risus. Avenue,South Korea,24755,"Feb 13, 2022",5:23 AM,64,Trans woman,185
Jorden Kim,846-6224,jordenkim3902@aol.com,"P.O. Box 192, 9682 Vel, Ave",Philippines,3240,"May 20, 2022",2:07 AM,47,Two Spirit ,410
Rae Wagner,1-804-641-9615,raewagner@yahoo.com,688-2229 Vitae Street,Nigeria,583111,"Feb 10, 2022",6:40 AM,33,Genderfluid,318
Athena Tate,1-235-823-0333,athenatate@google.org,568-1797 Sed St.,Peru,15611,"Apr 7, 2022",7:13 AM,56,Bigender,321
Kylynn Myers,1-519-188-6845,kylynnmyers4747@aol.org,Ap #178-5443 Scelerisque Road,Sweden,67646,"Jan 11, 2022",4:06 AM,46,Two Spirit ,115
Jerry Chang,1-322-678-4177,jerrychang@outlook.com,473-3451 Fusce St.,South Africa,1787-8884,"Jan 31, 2022",4:21 AM,72,Genderfluid,372
Ivana Holt,198-3257,ivanaholt@hotmail.co,Ap #574-9312 Suspendisse St.,Brazil,87045-883,"Feb 17, 2022",2:27 AM,75,Trans woman,193
Rama Petty,352-2024,ramapetty1458@yahoo.co,391-6504 Rhoncus. St.,Germany,74646,"May 19, 2022",1:38 AM,76,Trans man,262
Brock Clay,1-778-381-0725,brockclay@yahoo.co,767-4198 Venenatis Av.,Poland,71-781,"Feb 16, 2022",4:44 AM,40,Transgender,168
Emerson Roman,494-5641,emersonroman@icloud.com,Ap #279-8550 Dictum. Avenue,Peru,36748,"Feb 8, 2022",12:42 AM,69,Trans woman,50
Astra Dunlap,1-718-445-6553,astradunlap@protonmail.net,574-3190 Vel St.,Mexico,20751-84438,"May 21, 2022",10:42 PM,56,Trans woman,126
Faith Hahn,1-520-731-9835,faithhahn@icloud.com,Ap #387-514 Venenatis Av.,South Africa,1366-4248,"Jan 13, 2022",7:34 PM,38,Transgender,219
Moses Harris,725-3341,mosesharris1672@aol.org,660-8298 Consectetuer Rd.,Ukraine,93-62,"Mar 28, 2022",3:49 PM,34,Cisgender ,485
MacKensie Rhodes,1-488-235-7556,mackensierhodes8103@outlook.co,"P.O. Box 279, 7581 Orci. St.",Spain,82827,"Mar 22, 2022",12:22 PM,67,Agender,62
Orli Wise,388-8837,orliwise@outlook.net,262-8902 Rhoncus. Av.,Ireland,6548,"Apr 29, 2022",12:28 AM,80,Trans man,227
Xantha Keller,448-3210,xanthakeller@outlook.org,Ap #523-8580 Cursus. Rd.,Peru,47080,"Jan 18, 2022",5:16 PM,31,Nonbinary,309
Tanya Murphy,1-714-277-2481,tanyamurphy@google.org,Ap #605-7198 Donec Road,Nigeria,637225,"May 15, 2022",4:42 PM,42,Trans man,44
Jayme Chambers,326-2330,jaymechambers1635@aol.co,"P.O. Box 969, 9206 Montes, Street",Norway,1816,"May 1, 2022",2:11 AM,77,Agender,89
Lawrence Walter,1-728-780-2963,lawrencewalter1005@aol.co,Ap #346-2367 Ante. Ave,South Korea,11418,"Apr 24, 2022",12:19 PM,38,Trans man,300
Warren Gordon,1-720-636-8177,warrengordon9231@icloud.org,850-1074 Non Rd.,Chile,193468,"Apr 24, 2022",3:23 AM,31,Bigender,174
Galena Harper,1-408-363-7954,galenaharper6440@outlook.com,"P.O. Box 107, 5815 Nonummy. Avenue",Chile,528286,"May 24, 2022",9:57 AM,38,Agender,407
Sydney Whitfield,1-358-783-1177,sydneywhitfield@icloud.co,"P.O. Box 518, 7539 Nunc St.",Australia,4472,"Mar 5, 2022",7:31 AM,81,Two Spirit ,586
Bertha West,544-8558,berthawest225@hotmail.org,Ap #981-5142 Ac St.,Poland,13-689,"Jan 5, 2022",4:51 PM,49,Genderfluid,400
Brennan Nichols,950-6358,brennannichols@yahoo.net,909 Malesuada Street,Ukraine,84-22,"May 18, 2022",1:28 PM,70,Cisgender ,347
Chaim Mcneil,842-6174,chaimmcneil@aol.com,436-732 Nonummy. Rd.,Costa Rica,11519,"Feb 22, 2022",11:23 AM,22,Genderfluid,252
Connor Heath,337-8066,connorheath1369@icloud.org,468-3051 Et Street,China,578662,"Jan 16, 2022",2:18 AM,19,Gender expansive,389
Kibo Merritt,1-705-791-0546,kibomerritt7209@icloud.com,575-8184 Felis Road,South Korea,18333,"Mar 14, 2022",4:10 AM,46,Two Spirit ,553
Oprah Melendez,987-4348,oprahmelendez@icloud.net,707-8908 Id Rd.,Australia,8044,"May 1, 2022",12:31 PM,51,Trans woman,201
Scarlett Stout,1-566-228-2716,scarlettstout9517@outlook.co,166-392 Nam St.,Spain,33652,"Jan 26, 2022",6:44 AM,65,Trans woman,571
Summer Nieves,285-5755,summernieves9863@hotmail.com,4401 Et St.,United States,91358,"Apr 16, 2022",11:54 AM,45,Cisgender ,492
Destiny Valdez,213-8137,destinyvaldez4683@aol.org,"P.O. Box 231, 293 Egestas. St.",Sweden,47046,"Jan 28, 2022",2:01 PM,23,Transgender,500
Cruz Coleman,1-330-628-9365,cruzcoleman8186@google.net,3545 Sit Rd.,Pakistan,808673,"Jan 21, 2022",9:21 AM,19,Nonbinary,296
Cruz Coleman,1-330-628-9365,cruzcoleman8186@google.net,3545 Sit Rd.,Pakistan,808673,"Jan 21, 2022",9:21 AM,19,Nonbinary,296
Camille Hogan,750-8270,camillehogan@icloud.net,"P.O. Box 465, 3555 Nascetur St.",Australia,6114,"Jan 15, 2022",8:10 AM,49,Genderfluid,96
Martha Hammond,1-278-747-1097,marthahammond@outlook.co,4852 Ipsum Ave,Ukraine,43-49,"Feb 20, 2022",9:29 PM,68,Agender,236
Lee Ray,438-1443,leeray6259@protonmail.net,524-6151 Non St.,Germany,88229,"Mar 14, 2022",8:25 PM,77,Genderfluid,310
Claudia Paul,1-633-645-5145,claudiapaul1333@google.org,Ap #748-736 Velit. Ave,Turkey,71281,"Mar 18, 2022",12:45 AM,78,Cisgender ,223
Keegan Snow,1-811-972-9789,keegansnow2852@icloud.org,Ap #801-4725 Mauris St.,Australia,2851,"Jan 27, 2022",3:21 PM,27,Two Spirit ,4
Tana Dixon,1-824-417-3361,tanadixon@icloud.co,"P.O. Box 215, 6705 Malesuada Av.",Chile,030051,"Mar 29, 2022",12:57 PM,43,Trans man,332
Otto Juarez,1-506-438-3488,ottojuarez5806@protonmail.org,812-8444 Augue. Road,Belgium,1663,"May 23, 2022",5:55 AM,73,Trans woman,397
Reese Ferrell,1-360-583-0732,reeseferrell836@hotmail.net,101-2909 Integer St.,Ukraine,56-35,"Jan 14, 2022",3:37 AM,61,Trans woman,474
Jackson Whitfield,1-692-757-5547,jacksonwhitfield@google.co,"Ap #755-1443 Est, St.",Russian Federation,685611,"Feb 15, 2022",12:08 AM,50,Gender expansive,405
Kim Yang,686-6148,kimyang11@icloud.net,"P.O. Box 836, 9031 Duis Street",Sweden,74183,"Jan 23, 2022",6:25 AM,21,Trans woman,350
Prescott King,1-278-343-3702,prescottking@outlook.com,9300 Fringilla Rd.,Pakistan,465057,"Jan 19, 2022",9:20 PM,61,Agender,68
Hiroko Clemons,1-664-737-1774,hirokoclemons9359@google.com,183-2093 Ut Rd.,South Korea,03728,"Apr 21, 2022",11:59 PM,39,Trans man,168
Oren Lopez,1-853-635-2862,orenlopez5990@protonmail.com,9368 Libero. Rd.,India,316382,"May 7, 2022",3:30 AM,81,Agender,308
Kaseem Payne,1-198-747-6203,kaseempayne@hotmail.co,633-2859 Vitae Av.,United Kingdom,T86 9SE,"Jan 22, 2022",11:29 PM,30,Transgender,587
Finn Gonzalez,118-3145,finngonzalez@aol.co,509-370 Ac St.,Russian Federation,446506,"May 18, 2022",7:08 AM,38,Trans man,357
